variable,center,scale
arid_log_scaled,-0.14074247506591664,0.5786532613396581
arid_sqrt_scaled,0.9676516294072456,0.24900593306015914
wtd_log_scaled,-0.6183371891359136,2.385872343699292
